request_id,arrival_time_min,processed_time_min,compute_cluster,network_latency_min
REQ-1001,0.0,23.07,C1_Media,11.4
REQ-1002,15.05,22.97,C1_Media,6.51
REQ-1003,21.63,23.68,C1_Media,7.98
REQ-1004,26.2,29.53,C1_Media,6.48
REQ-1005,27.05,40.84,C1_Media,8.46
REQ-1006,27.9,30.84,C2_AI,8.23
REQ-1007,28.19,43.52,C1_Media,11.4
REQ-1008,38.25,51.52,C1_Media,13.37
REQ-1009,42.85,51.91,C2_AI,13.72
REQ-1010,49.0,54.43,C2_AI,7.62
REQ-1011,49.11,55.98,C1_Media,8.48
REQ-1012,66.62,66.77,C3_Database,5.45
REQ-1013,75.56,88.28,C2_AI,7.09
REQ-1014,76.75,92.85,C1_Media,12.05
REQ-1015,77.75,93.61,C3_Database,14.65
REQ-1016,78.77,79.71,C3_Database,6.23
REQ-1017,80.58,86.89,C1_Media,7.56
REQ-1018,84.3,98.09,C1_Media,8.95
REQ-1019,87.13,93.71,C3_Database,9.82
REQ-1020,88.85,105.22,C2_AI,7.08
REQ-1021,93.58,103.25,C1_Media,10.25
REQ-1022,94.33,108.13,C1_Media,7.83
REQ-1023,96.06,100.74,C1_Media,8.99
REQ-1024,98.34,129.15,C2_AI,10.63
REQ-1025,101.38,112.19,C2_AI,9.04
REQ-1026,109.07,113.74,C1_Media,7.92
REQ-1027,110.19,116.98,C2_AI,8.73
REQ-1028,113.8,115.11,C2_AI,8.79
REQ-1029,118.29,124.03,C1_Media,8.08
REQ-1030,118.52,118.96,C1_Media,8.35
REQ-1031,123.2,140.26,C2_AI,14.58
REQ-1032,124.14,124.32,C3_Database,10.68
REQ-1033,124.47,137.87,C2_AI,8.26
REQ-1034,139.34,147.27,C2_AI,11.12
REQ-1035,156.19,162.18,C1_Media,8.16
REQ-1036,164.45,206.14,C2_AI,12.83
REQ-1037,166.27,175.9,C2_AI,10.08
REQ-1038,166.79,170.65,C1_Media,8.74
REQ-1039,172.55,181.13,C1_Media,10.32
REQ-1040,175.45,182.68,C1_Media,5.63
REQ-1041,176.1,180.55,C1_Media,6.44
REQ-1042,179.52,196.0,C1_Media,6.31
REQ-1043,179.69,192.73,C1_Media,9.42
REQ-1044,191.69,201.94,C1_Media,15.18
REQ-1045,193.19,197.36,C1_Media,17.63
REQ-1046,198.62,211.28,C3_Database,10.93
REQ-1047,200.49,210.75,C2_AI,10.49
REQ-1048,204.16,209.83,C2_AI,5.26
REQ-1049,208.12,213.88,C3_Database,7.67
REQ-1050,209.14,215.17,C2_AI,7.13
REQ-1051,226.6,244.13,C1_Media,7.49
REQ-1052,234.07,244.76,C2_AI,8.58
REQ-1053,248.09,267.02,C2_AI,7.83
REQ-1054,259.35,272.52,C2_AI,4.98
REQ-1055,263.91,301.36,C2_AI,11.3
REQ-1056,276.65,279.94,C1_Media,6.54
REQ-1057,277.12,282.48,C1_Media,9.7
REQ-1058,278.21,324.07,C1_Media,16.81
REQ-1059,278.44,287.52,C2_AI,6.85
REQ-1060,280.41,283.9,C2_AI,4.22
REQ-1061,282.87,295.4,C1_Media,8.28
REQ-1062,284.45,284.59,C3_Database,12.56
REQ-1063,293.27,301.25,C2_AI,16.24
REQ-1064,295.48,297.02,C1_Media,6.24
REQ-1065,297.13,302.72,C1_Media,10.48
REQ-1066,301.04,324.22,C1_Media,7.85
REQ-1067,301.8,311.67,C1_Media,8.74
REQ-1068,309.9,326.99,C1_Media,19.95
REQ-1069,310.29,327.7,C1_Media,5.75
REQ-1070,331.96,340.05,C1_Media,9.74
REQ-1071,339.36,352.65,C1_Media,10.38
REQ-1072,340.47,341.55,C3_Database,12.5
REQ-1073,340.49,342.23,C1_Media,9.29
REQ-1074,348.94,373.35,C2_AI,9.9
REQ-1075,355.08,369.5,C1_Media,8.02
REQ-1076,361.61,372.63,C3_Database,9.78
REQ-1077,368.98,374.24,C1_Media,8.14
REQ-1078,369.37,374.07,C1_Media,10.88
REQ-1079,371.59,380.45,C3_Database,8.08
REQ-1080,372.2,375.32,C3_Database,10.11
REQ-1081,382.14,383.45,C3_Database,8.95
REQ-1082,387.03,394.39,C1_Media,12.65
REQ-1083,389.04,406.28,C1_Media,8.89
REQ-1084,389.36,392.75,C2_AI,5.3
REQ-1085,391.23,407.27,C3_Database,13.18
REQ-1086,393.19,405.62,C2_AI,6.88
REQ-1087,399.73,402.62,C2_AI,7.42
REQ-1088,404.81,423.1,C1_Media,7.55
REQ-1089,415.72,431.82,C3_Database,13.63
REQ-1090,418.91,420.7,C1_Media,4.76
REQ-1091,419.55,426.25,C1_Media,23.13
REQ-1092,425.8,435.88,C1_Media,12.39
REQ-1093,432.95,448.55,C2_AI,9.65
REQ-1094,437.07,439.26,C1_Media,8.88
REQ-1095,444.44,459.52,C1_Media,9.83
REQ-1096,447.84,470.16,C2_AI,10.55
REQ-1097,451.54,462.44,C1_Media,10.95
REQ-1098,454.33,477.66,C2_AI,10.66
REQ-1099,454.46,460.85,C1_Media,9.27
REQ-1100,455.03,461.21,C2_AI,8.51
REQ-1101,455.19,464.03,C2_AI,8.62
REQ-1102,460.25,463.52,C1_Media,8.51
REQ-1103,462.13,467.21,C1_Media,12.68
REQ-1104,465.69,474.08,C1_Media,10.78
REQ-1105,477.59,486.86,C1_Media,3.74
REQ-1106,479.03,481.82,C3_Database,10.99
REQ-1107,481.67,493.28,C1_Media,9.57
REQ-1108,488.71,491.8,C3_Database,8.97
REQ-1109,490.01,493.89,C1_Media,8.03
REQ-1110,490.41,503.6,C2_AI,12.64
REQ-1111,492.12,497.73,C3_Database,11.99
REQ-1112,493.0,508.23,C2_AI,7.16
REQ-1113,506.27,510.06,C2_AI,10.2
REQ-1114,514.53,519.45,C1_Media,6.74
REQ-1115,519.55,547.35,C1_Media,5.97
REQ-1116,529.8,535.23,C3_Database,7.48
REQ-1117,537.94,546.32,C3_Database,11.69
REQ-1118,538.98,552.29,C3_Database,12.01
REQ-1119,550.13,558.27,C1_Media,10.53
REQ-1120,554.01,588.24,C2_AI,11.22
REQ-1121,562.24,566.13,C3_Database,10.54
REQ-1122,573.56,591.26,C1_Media,7.45
REQ-1123,575.48,594.06,C1_Media,10.27
REQ-1124,576.06,604.22,C2_AI,11.47
REQ-1125,577.35,580.77,C2_AI,11.32
REQ-1126,580.14,614.37,C3_Database,12.89
REQ-1127,588.66,605.31,C1_Media,11.16
REQ-1128,598.51,602.37,C3_Database,10.03
REQ-1129,598.55,605.36,C1_Media,12.44
REQ-1130,602.12,608.98,C1_Media,8.95
REQ-1131,604.83,621.06,C1_Media,6.93
REQ-1132,606.08,613.67,C3_Database,8.59
REQ-1133,606.72,623.08,C2_AI,7.22
REQ-1134,608.78,624.24,C2_AI,7.37
REQ-1135,623.09,632.23,C1_Media,8.64
REQ-1136,625.05,626.85,C3_Database,7.12
REQ-1137,628.7,632.0,C1_Media,8.23
REQ-1138,634.77,637.1,C3_Database,5.11
REQ-1139,637.03,641.53,C2_AI,9.62
REQ-1140,654.87,677.78,C1_Media,9.03
REQ-1141,671.28,674.18,C2_AI,7.06
REQ-1142,672.73,677.76,C1_Media,11.0
REQ-1143,676.17,696.79,C2_AI,11.96
REQ-1144,677.96,704.63,C2_AI,5.57
REQ-1145,679.64,688.36,C1_Media,7.18
REQ-1146,679.83,679.95,C3_Database,7.17
REQ-1147,684.53,702.45,C1_Media,6.81
REQ-1148,688.02,690.6,C2_AI,11.57
REQ-1149,688.29,691.79,C3_Database,8.52
REQ-1150,689.92,691.78,C2_AI,8.34
REQ-1151,701.86,715.4,C1_Media,4.95
REQ-1152,703.23,717.55,C3_Database,10.92
REQ-1153,704.01,718.86,C2_AI,6.22
REQ-1154,707.38,721.63,C1_Media,9.19
REQ-1155,728.6,738.88,C1_Media,9.81
REQ-1156,729.98,730.27,C3_Database,13.57
REQ-1157,735.56,743.99,C2_AI,6.09
REQ-1158,742.73,757.35,C2_AI,3.65
REQ-1159,744.08,745.45,C3_Database,9.54
REQ-1160,750.6,752.14,C3_Database,15.49
REQ-1161,752.89,769.19,C1_Media,13.09
REQ-1162,757.89,762.84,C1_Media,9.61
REQ-1163,762.91,785.34,C1_Media,7.79
REQ-1164,766.75,783.67,C2_AI,11.5
REQ-1165,767.22,774.72,C1_Media,6.74
REQ-1166,776.24,784.88,C2_AI,10.41
REQ-1167,778.17,781.6,C3_Database,10.5
REQ-1168,779.21,784.89,C3_Database,12.4
REQ-1169,779.41,788.83,C1_Media,20.65
REQ-1170,783.88,799.04,C3_Database,10.15
REQ-1171,789.54,793.17,C1_Media,7.75
REQ-1172,789.63,797.17,C3_Database,8.96
REQ-1173,793.21,798.34,C1_Media,5.31
REQ-1174,794.5,803.25,C1_Media,7.33
REQ-1175,799.68,803.91,C3_Database,7.98
REQ-1176,800.64,809.29,C1_Media,7.71
REQ-1177,806.51,815.11,C1_Media,9.45
REQ-1178,808.95,811.5,C2_AI,7.05
REQ-1179,822.75,852.74,C2_AI,12.63
REQ-1180,823.49,826.56,C2_AI,9.03
REQ-1181,825.58,831.01,C2_AI,9.0
REQ-1182,826.18,833.91,C2_AI,8.18
REQ-1183,839.11,858.37,C1_Media,9.46
REQ-1184,849.6,853.63,C1_Media,11.56
REQ-1185,851.1,882.36,C1_Media,6.96
REQ-1186,856.49,862.63,C3_Database,7.41
REQ-1187,864.99,872.34,C2_AI,8.24
REQ-1188,869.04,880.66,C1_Media,6.03
REQ-1189,872.81,895.15,C2_AI,7.06
REQ-1190,874.19,875.41,C3_Database,7.82
REQ-1191,874.68,898.5,C1_Media,11.73
REQ-1192,886.06,895.2,C2_AI,9.76
REQ-1193,897.59,942.91,C2_AI,9.56
REQ-1194,902.61,907.48,C2_AI,11.65
REQ-1195,904.68,928.7,C1_Media,8.66
REQ-1196,906.82,912.25,C3_Database,10.15
REQ-1197,913.3,935.1,C3_Database,8.75
REQ-1198,924.67,939.45,C2_AI,9.77
REQ-1199,935.57,963.66,C2_AI,7.58
REQ-1200,943.14,943.55,C3_Database,4.34
REQ-1201,948.28,951.87,C2_AI,8.67
REQ-1202,948.72,953.25,C1_Media,13.83
REQ-1203,949.6,954.69,C2_AI,11.92
REQ-1204,961.04,971.09,C2_AI,12.06
REQ-1205,965.7,982.62,C1_Media,13.08
REQ-1206,965.75,976.39,C2_AI,9.27
REQ-1207,966.28,968.09,C3_Database,9.58
REQ-1208,971.73,973.59,C3_Database,7.5
REQ-1209,971.75,987.83,C2_AI,8.21
REQ-1210,972.63,1000.9,C1_Media,10.86
REQ-1211,976.61,976.89,C3_Database,12.95
REQ-1212,982.5,986.3,C3_Database,8.66
REQ-1213,987.77,991.21,C1_Media,7.88
REQ-1214,989.04,989.51,C3_Database,9.03
REQ-1215,995.27,998.02,C3_Database,10.81
REQ-1216,996.62,1012.02,C2_AI,5.85
REQ-1217,998.59,1022.13,C2_AI,4.53
REQ-1218,1005.45,1008.15,C1_Media,7.65
REQ-1219,1010.7,1016.04,C1_Media,6.26
REQ-1220,1020.16,1028.97,C1_Media,7.75
REQ-1221,1025.52,1028.9,C3_Database,8.63
REQ-1222,1029.72,1044.17,C1_Media,7.88
REQ-1223,1030.21,1039.84,C1_Media,13.95
REQ-1224,1032.5,1038.99,C1_Media,9.95
REQ-1225,1034.04,1050.26,C2_AI,9.88
REQ-1226,1035.44,1037.1,C3_Database,10.88
REQ-1227,1053.5,1069.66,C1_Media,6.41
REQ-1228,1056.0,1060.56,C1_Media,12.33
REQ-1229,1067.13,1075.22,C2_AI,8.82
REQ-1230,1072.11,1076.78,C2_AI,11.04
REQ-1231,1080.03,1081.72,C1_Media,6.54
REQ-1232,1083.53,1101.14,C2_AI,5.66
REQ-1233,1087.83,1096.36,C1_Media,11.53
REQ-1234,1091.22,1097.31,C1_Media,10.1
REQ-1235,1092.3,1106.07,C2_AI,6.89
REQ-1236,1098.71,1104.52,C1_Media,6.95
REQ-1237,1100.36,1109.68,C3_Database,12.65
REQ-1238,1100.48,1118.84,C1_Media,6.32
REQ-1239,1105.67,1111.22,C2_AI,14.77
REQ-1240,1106.64,1126.07,C2_AI,6.89
REQ-1241,1120.75,1133.05,C1_Media,10.93
REQ-1242,1136.14,1140.58,C2_AI,8.18
REQ-1243,1148.45,1165.95,C1_Media,10.82
REQ-1244,1150.77,1159.88,C3_Database,7.67
REQ-1245,1150.84,1162.63,C1_Media,8.59
REQ-1246,1164.02,1200.54,C1_Media,9.14
REQ-1247,1166.82,1173.36,C1_Media,6.68
REQ-1248,1183.82,1187.03,C3_Database,11.27
REQ-1249,1200.39,1204.12,C2_AI,7.74
REQ-1250,1209.98,1217.64,C2_AI,8.43
REQ-1251,1211.72,1220.42,C1_Media,6.7
REQ-1252,1214.15,1228.55,C2_AI,4.18
REQ-1253,1223.68,1232.43,C1_Media,8.52
REQ-1254,1225.58,1226.09,C3_Database,18.61
REQ-1255,1226.51,1227.49,C1_Media,11.42
REQ-1256,1230.58,1242.91,C1_Media,8.97
REQ-1257,1244.33,1246.83,C1_Media,8.34
REQ-1258,1250.29,1255.74,C2_AI,9.09
REQ-1259,1254.51,1263.84,C2_AI,10.63
REQ-1260,1255.02,1260.22,C1_Media,6.33
REQ-1261,1259.79,1261.46,C3_Database,12.61
REQ-1262,1282.85,1289.85,C2_AI,11.19
REQ-1263,1283.6,1290.74,C2_AI,11.19
REQ-1264,1287.25,1298.4,C2_AI,10.29
REQ-1265,1297.75,1309.23,C1_Media,9.08
REQ-1266,1304.5,1326.4,C2_AI,11.04
REQ-1267,1310.47,1310.8,C1_Media,10.78
REQ-1268,1316.53,1332.46,C1_Media,8.12
REQ-1269,1318.76,1321.5,C3_Database,7.6
REQ-1270,1320.49,1321.49,C3_Database,9.31
REQ-1271,1328.78,1331.61,C1_Media,14.36
REQ-1272,1337.09,1338.36,C1_Media,6.22
REQ-1273,1347.18,1353.22,C2_AI,5.81
REQ-1274,1359.4,1359.7,C1_Media,9.48
REQ-1275,1362.98,1368.26,C1_Media,9.16
REQ-1276,1366.46,1377.59,C1_Media,9.51
REQ-1277,1374.47,1384.15,C2_AI,9.71
REQ-1278,1379.71,1394.6,C2_AI,8.44
REQ-1279,1385.77,1404.46,C1_Media,14.11
REQ-1280,1393.71,1401.06,C1_Media,5.58
REQ-1281,1404.75,1410.53,C1_Media,7.04
REQ-1282,1406.81,1411.31,C2_AI,8.75
REQ-1283,1409.16,1411.41,C1_Media,5.51
REQ-1284,1409.66,1411.31,C1_Media,8.56
REQ-1285,1413.97,1424.22,C3_Database,14.86
REQ-1286,1414.16,1432.25,C1_Media,9.08
REQ-1287,1417.29,1420.81,C2_AI,9.67
REQ-1288,1421.2,1428.98,C1_Media,6.18
REQ-1289,1422.89,1438.7,C1_Media,7.5
REQ-1290,1427.36,1437.61,C1_Media,8.06
REQ-1291,1427.51,1444.72,C2_AI,8.2
REQ-1292,1427.7,1431.06,C3_Database,13.26
REQ-1293,1436.35,1437.1,C3_Database,10.67
REQ-1294,1438.58,1447.5,C1_Media,6.47
REQ-1295,1439.26,1468.81,C2_AI,9.72
REQ-1296,1442.96,1452.91,C1_Media,10.48
REQ-1297,1450.3,1456.03,C1_Media,12.71
REQ-1298,1451.52,1451.58,C3_Database,14.5
REQ-1299,1456.4,1458.71,C1_Media,6.66
REQ-1300,1456.84,1460.35,C1_Media,7.08
REQ-1301,1457.11,1460.34,C1_Media,6.19
REQ-1302,1460.9,1473.2,C1_Media,8.41
REQ-1303,1464.79,1483.36,C1_Media,10.38
REQ-1304,1469.86,1486.19,C2_AI,12.14
REQ-1305,1476.33,1492.89,C1_Media,8.82
REQ-1306,1494.95,1497.16,C3_Database,8.2
REQ-1307,1498.58,1499.64,C3_Database,9.45
REQ-1308,1500.53,1504.87,C1_Media,7.02
REQ-1309,1508.46,1528.64,C1_Media,16.89
REQ-1310,1510.04,1522.5,C1_Media,5.57
REQ-1311,1512.93,1518.61,C2_AI,9.54
REQ-1312,1513.34,1529.21,C1_Media,16.56
REQ-1313,1513.47,1540.05,C2_AI,9.04
REQ-1314,1529.9,1541.96,C1_Media,8.52
REQ-1315,1538.94,1546.23,C2_AI,8.11
REQ-1316,1544.9,1549.61,C2_AI,8.55
REQ-1317,1547.53,1550.77,C1_Media,13.62
REQ-1318,1548.48,1552.84,C3_Database,4.65
REQ-1319,1549.33,1562.51,C3_Database,14.3
REQ-1320,1550.77,1551.76,C1_Media,5.89
REQ-1321,1554.75,1555.35,C3_Database,8.33
REQ-1322,1561.02,1572.51,C2_AI,7.93
REQ-1323,1566.42,1567.97,C3_Database,10.77
REQ-1324,1568.06,1575.85,C3_Database,5.59
REQ-1325,1583.55,1590.87,C1_Media,10.37
REQ-1326,1590.25,1605.24,C1_Media,16.57
REQ-1327,1594.29,1598.39,C1_Media,6.0
REQ-1328,1599.02,1617.23,C2_AI,9.55
REQ-1329,1601.74,1618.24,C2_AI,7.4
REQ-1330,1603.16,1613.78,C1_Media,10.26
REQ-1331,1605.36,1613.89,C1_Media,9.08
REQ-1332,1612.45,1613.28,C3_Database,7.45
REQ-1333,1612.52,1613.17,C3_Database,10.45
REQ-1334,1613.14,1630.5,C2_AI,15.51
REQ-1335,1613.38,1626.02,C1_Media,8.52
REQ-1336,1613.58,1625.53,C1_Media,11.2
REQ-1337,1623.26,1637.19,C1_Media,6.12
REQ-1338,1629.34,1632.6,C3_Database,6.77
REQ-1339,1632.55,1645.09,C1_Media,10.4
REQ-1340,1633.07,1634.65,C2_AI,14.09
REQ-1341,1636.45,1656.19,C1_Media,10.04
REQ-1342,1639.65,1655.5,C2_AI,8.22
REQ-1343,1640.61,1648.9,C2_AI,9.02
REQ-1344,1643.45,1644.5,C3_Database,6.2
REQ-1345,1645.99,1649.95,C1_Media,10.82
REQ-1346,1650.78,1664.67,C1_Media,11.76
REQ-1347,1655.82,1677.41,C1_Media,7.88
REQ-1348,1656.05,1663.09,C3_Database,7.84
REQ-1349,1658.4,1662.11,C3_Database,9.77
REQ-1350,1663.31,1665.71,C2_AI,7.92
REQ-1351,1666.81,1670.38,C2_AI,8.85
REQ-1352,1676.51,1681.33,C2_AI,16.94
REQ-1353,1681.89,1683.36,C1_Media,8.38
REQ-1354,1682.78,1688.25,C3_Database,8.11
REQ-1355,1683.14,1704.87,C1_Media,7.43
REQ-1356,1688.29,1690.14,C1_Media,11.28
REQ-1357,1688.42,1711.27,C2_AI,8.55
REQ-1358,1692.83,1698.08,C1_Media,7.43
REQ-1359,1706.91,1745.07,C1_Media,13.42
REQ-1360,1711.2,1737.98,C2_AI,13.82
REQ-1361,1713.65,1742.8,C1_Media,7.54
REQ-1362,1718.81,1738.62,C2_AI,5.16
REQ-1363,1721.87,1734.65,C1_Media,12.21
REQ-1364,1725.82,1729.91,C1_Media,7.35
REQ-1365,1740.01,1748.32,C1_Media,11.44
REQ-1366,1742.45,1756.13,C1_Media,5.0
REQ-1367,1758.69,1777.68,C2_AI,11.8
REQ-1368,1770.48,1773.4,C1_Media,6.28
REQ-1369,1771.57,1779.97,C2_AI,11.24
REQ-1370,1771.93,1781.12,C2_AI,9.06
REQ-1371,1772.46,1781.37,C2_AI,6.78
REQ-1372,1772.55,1802.02,C3_Database,7.99
REQ-1373,1773.05,1784.36,C2_AI,11.09
REQ-1374,1778.79,1791.43,C1_Media,9.32
REQ-1375,1779.16,1785.44,C1_Media,10.75
REQ-1376,1781.08,1791.22,C1_Media,16.33
REQ-1377,1790.4,1812.41,C2_AI,5.64
REQ-1378,1790.52,1791.56,C1_Media,14.66
REQ-1379,1798.94,1801.46,C2_AI,9.31
REQ-1380,1800.6,1803.91,C2_AI,6.89
REQ-1381,1801.23,1806.6,C1_Media,6.06
REQ-1382,1807.19,1808.82,C3_Database,8.53
REQ-1383,1812.15,1826.52,C1_Media,11.9
REQ-1384,1822.65,1828.32,C1_Media,8.69
REQ-1385,1829.29,1831.28,C2_AI,14.2
REQ-1386,1837.42,1851.66,C2_AI,5.84
REQ-1387,1839.08,1845.37,C2_AI,8.99
REQ-1388,1840.06,1849.65,C2_AI,6.2
REQ-1389,1847.0,1872.81,C1_Media,10.07
REQ-1390,1855.22,1861.89,C3_Database,11.78
REQ-1391,1878.51,1879.3,C3_Database,7.95
REQ-1392,1881.17,1885.17,C2_AI,4.13
REQ-1393,1883.49,1893.93,C1_Media,9.58
REQ-1394,1890.98,1900.04,C2_AI,10.29
REQ-1395,1893.07,1900.15,C1_Media,10.19
REQ-1396,1906.42,1913.37,C1_Media,13.08
REQ-1397,1916.19,1922.74,C3_Database,6.54
REQ-1398,1918.99,1929.93,C1_Media,11.07
REQ-1399,1925.94,1932.84,C3_Database,12.91
REQ-1400,1932.96,1942.6,C2_AI,5.29
REQ-1401,1933.51,1937.89,C1_Media,9.93
REQ-1402,1945.15,1945.66,C2_AI,7.76
REQ-1403,1948.67,1959.25,C3_Database,8.81
REQ-1404,1957.43,1975.58,C2_AI,10.02
REQ-1405,1959.35,1964.37,C3_Database,7.8
REQ-1406,1970.65,1980.97,C2_AI,7.37
REQ-1407,1973.11,1987.37,C2_AI,9.12
REQ-1408,1973.17,1975.66,C3_Database,6.51
REQ-1409,1984.96,2000.4,C1_Media,6.52
REQ-1410,1985.44,1989.78,C2_AI,11.07
REQ-1411,1987.36,1990.38,C1_Media,6.39
REQ-1412,2002.34,2005.21,C3_Database,11.02
REQ-1413,2017.38,2033.83,C3_Database,10.37
REQ-1414,2021.64,2034.2,C1_Media,5.38
REQ-1415,2026.64,2031.49,C2_AI,7.36
REQ-1416,2029.61,2030.79,C3_Database,12.91
REQ-1417,2031.35,2037.81,C1_Media,6.72
REQ-1418,2033.34,2044.75,C2_AI,7.85
REQ-1419,2038.92,2039.48,C3_Database,10.37
REQ-1420,2045.9,2064.07,C1_Media,11.42
REQ-1421,2053.74,2061.47,C2_AI,8.37
REQ-1422,2061.54,2070.89,C1_Media,7.54
REQ-1423,2062.02,2062.41,C3_Database,13.83
REQ-1424,2065.43,2068.25,C3_Database,15.21
REQ-1425,2065.72,2068.77,C3_Database,12.11
REQ-1426,2069.71,2083.21,C2_AI,9.26
REQ-1427,2072.62,2075.06,C3_Database,7.08
REQ-1428,2083.56,2088.4,C3_Database,7.03
REQ-1429,2085.72,2101.35,C1_Media,10.56
REQ-1430,2086.34,2086.64,C3_Database,10.23
REQ-1431,2087.11,2108.11,C1_Media,13.74
REQ-1432,2094.28,2104.52,C2_AI,10.97
REQ-1433,2099.09,2103.99,C1_Media,5.75
REQ-1434,2099.63,2112.48,C1_Media,12.37
REQ-1435,2100.07,2118.37,C1_Media,6.69
REQ-1436,2106.1,2111.15,C2_AI,8.04
REQ-1437,2106.48,2112.7,C1_Media,9.73
REQ-1438,2115.11,2129.32,C2_AI,16.42
REQ-1439,2121.23,2129.18,C1_Media,22.94
REQ-1440,2121.65,2126.08,C1_Media,10.83
REQ-1441,2122.1,2126.21,C2_AI,8.54
REQ-1442,2143.67,2151.62,C3_Database,10.59
REQ-1443,2146.02,2154.32,C1_Media,11.78
REQ-1444,2148.33,2159.02,C2_AI,8.2
REQ-1445,2156.71,2163.95,C3_Database,15.46
REQ-1446,2171.42,2173.86,C2_AI,9.67
REQ-1447,2192.77,2211.36,C1_Media,10.48
REQ-1448,2199.77,2212.07,C1_Media,11.02
REQ-1449,2202.13,2205.63,C3_Database,10.24
REQ-1450,2202.56,2214.43,C1_Media,11.61
REQ-1451,2210.07,2211.82,C3_Database,7.5
REQ-1452,2214.16,2218.83,C2_AI,7.63
REQ-1453,2216.92,2227.8,C3_Database,6.49
REQ-1454,2228.76,2230.25,C3_Database,10.3
REQ-1455,2229.35,2248.23,C3_Database,11.4
REQ-1456,2232.74,2239.09,C1_Media,10.35
REQ-1457,2232.8,2243.12,C3_Database,14.91
REQ-1458,2235.96,2241.95,C1_Media,9.01
REQ-1459,2236.25,2244.61,C2_AI,11.03
REQ-1460,2236.88,2240.24,C2_AI,6.5
REQ-1461,2237.5,2247.35,C3_Database,8.04
REQ-1462,2242.74,2250.23,C3_Database,11.12
REQ-1463,2249.6,2252.83,C3_Database,11.64
REQ-1464,2253.97,2261.8,C1_Media,8.26
REQ-1465,2270.35,2281.95,C1_Media,8.83
REQ-1466,2272.7,2276.44,C2_AI,5.72
REQ-1467,2274.38,2285.79,C1_Media,8.11
REQ-1468,2284.53,2303.11,C1_Media,11.79
REQ-1469,2285.79,2295.44,C1_Media,10.72
REQ-1470,2302.31,2308.56,C1_Media,10.49
REQ-1471,2302.37,2311.84,C1_Media,9.16
REQ-1472,2319.88,2339.94,C1_Media,9.04
REQ-1473,2320.1,2340.15,C1_Media,7.4
REQ-1474,2331.19,2338.78,C1_Media,11.13
REQ-1475,2334.94,2338.08,C3_Database,10.24
REQ-1476,2359.72,2365.24,C1_Media,10.46
REQ-1477,2360.11,2376.63,C1_Media,7.71
REQ-1478,2364.14,2370.25,C2_AI,4.73
REQ-1479,2381.56,2387.51,C1_Media,12.54
REQ-1480,2385.26,2391.62,C3_Database,7.82
REQ-1481,2390.23,2395.07,C3_Database,6.97
REQ-1482,2396.18,2398.05,C1_Media,11.11
REQ-1483,2399.21,2418.42,C1_Media,8.02
REQ-1484,2404.14,2421.94,C3_Database,12.4
REQ-1485,2408.53,2413.16,C3_Database,10.86
REQ-1486,2420.1,2433.01,C2_AI,11.08
REQ-1487,2420.34,2425.28,C2_AI,5.99
REQ-1488,2421.99,2427.98,C1_Media,12.98
REQ-1489,2437.01,2438.51,C3_Database,9.76
REQ-1490,2448.05,2460.25,C1_Media,8.08
REQ-1491,2451.1,2456.54,C3_Database,9.42
REQ-1492,2455.94,2457.16,C2_AI,5.3
REQ-1493,2457.56,2468.35,C2_AI,10.2
REQ-1494,2458.6,2478.47,C2_AI,6.63
REQ-1495,2461.72,2464.11,C1_Media,6.01
REQ-1496,2463.9,2477.83,C1_Media,5.72
REQ-1497,2468.28,2481.7,C1_Media,12.6
REQ-1498,2468.68,2478.9,C1_Media,7.47
REQ-1499,2487.01,2487.55,C3_Database,14.3
REQ-1500,2508.43,2521.7,C1_Media,7.68
REQ-1501,2514.42,2532.13,C1_Media,5.41
REQ-1502,2518.26,2520.46,C3_Database,6.46
REQ-1503,2520.11,2537.42,C3_Database,13.08
REQ-1504,2528.51,2529.05,C3_Database,8.61
REQ-1505,2534.28,2536.81,C3_Database,7.66
REQ-1506,2535.17,2542.75,C1_Media,9.47
REQ-1507,2547.26,2557.93,C1_Media,10.49
REQ-1508,2555.91,2567.23,C2_AI,12.62
REQ-1509,2570.87,2585.1,C2_AI,13.94
REQ-1510,2577.33,2584.1,C1_Media,8.1
REQ-1511,2582.09,2582.17,C3_Database,6.06
REQ-1512,2584.8,2600.28,C1_Media,7.97
REQ-1513,2598.29,2603.67,C1_Media,9.76
REQ-1514,2608.34,2620.95,C2_AI,6.76
REQ-1515,2608.57,2614.24,C2_AI,6.77
REQ-1516,2608.71,2610.03,C2_AI,10.01
REQ-1517,2611.07,2617.63,C1_Media,8.89
REQ-1518,2619.39,2621.03,C3_Database,9.11
REQ-1519,2641.21,2657.3,C1_Media,7.19
REQ-1520,2642.02,2666.99,C1_Media,8.42
REQ-1521,2646.53,2646.91,C3_Database,6.84
REQ-1522,2648.93,2650.19,C3_Database,11.79
REQ-1523,2666.45,2673.73,C3_Database,12.31
REQ-1524,2675.68,2675.84,C3_Database,5.19
REQ-1525,2684.79,2695.13,C2_AI,6.83
REQ-1526,2687.95,2709.48,C2_AI,5.76
REQ-1527,2690.63,2694.3,C1_Media,7.43
REQ-1528,2692.23,2702.2,C1_Media,8.8
REQ-1529,2692.52,2708.86,C1_Media,5.84
REQ-1530,2702.52,2714.52,C1_Media,6.84
REQ-1531,2710.9,2711.17,C2_AI,6.68
REQ-1532,2751.76,2767.66,C2_AI,9.6
REQ-1533,2780.24,2792.32,C1_Media,9.21
REQ-1534,2784.29,2805.01,C1_Media,7.27
REQ-1535,2791.62,2819.46,C2_AI,9.52
REQ-1536,2806.1,2826.13,C1_Media,7.66
REQ-1537,2815.57,2816.82,C3_Database,8.32
REQ-1538,2816.99,2821.14,C2_AI,14.91
REQ-1539,2819.99,2830.02,C2_AI,13.49
REQ-1540,2820.68,2834.06,C2_AI,6.11
REQ-1541,2836.08,2842.34,C3_Database,11.58
REQ-1542,2840.74,2850.03,C1_Media,11.51
REQ-1543,2842.04,2847.83,C2_AI,6.4
REQ-1544,2847.6,2858.96,C2_AI,11.54
REQ-1545,2852.42,2857.39,C1_Media,14.32
REQ-1546,2854.64,2856.13,C3_Database,6.44
REQ-1547,2855.24,2871.61,C3_Database,6.85
REQ-1548,2860.81,2870.33,C2_AI,12.25
REQ-1549,2864.48,2867.5,C3_Database,9.79
REQ-1550,2871.88,2872.88,C3_Database,10.65
REQ-1551,2875.55,2877.79,C2_AI,10.0
REQ-1552,2885.11,2888.45,C3_Database,10.15
REQ-1553,2889.12,2905.9,C2_AI,6.06
REQ-1554,2893.24,2913.79,C2_AI,12.36
REQ-1555,2903.7,2909.74,C2_AI,12.82
REQ-1556,2906.28,2919.24,C2_AI,8.42
REQ-1557,2907.0,2914.23,C1_Media,8.91
REQ-1558,2907.15,2911.57,C3_Database,5.7
REQ-1559,2914.18,2914.74,C3_Database,10.53
REQ-1560,2919.03,2928.05,C1_Media,10.71
REQ-1561,2925.12,2928.24,C3_Database,8.86
REQ-1562,2926.31,2927.03,C1_Media,12.65
REQ-1563,2927.05,2931.59,C1_Media,8.16
REQ-1564,2927.12,2929.33,C2_AI,10.69
REQ-1565,2929.28,2939.46,C1_Media,6.65
REQ-1566,2933.73,2935.44,C3_Database,8.96
REQ-1567,2936.22,2944.21,C3_Database,8.57
REQ-1568,2939.1,2953.29,C2_AI,9.66
REQ-1569,2950.83,2956.41,C1_Media,8.08
REQ-1570,2952.97,2962.28,C1_Media,8.68
REQ-1571,2956.57,2984.41,C2_AI,11.56
REQ-1572,2964.23,2966.46,C3_Database,7.92
REQ-1573,2966.75,2985.06,C2_AI,5.57
REQ-1574,2971.62,2975.43,C1_Media,15.25
REQ-1575,2981.54,2989.19,C2_AI,13.66
REQ-1576,2996.47,3010.69,C2_AI,6.12
REQ-1577,2997.26,3002.48,C3_Database,11.1
REQ-1578,3010.32,3017.61,C1_Media,7.76
REQ-1579,3013.71,3017.85,C3_Database,9.77
REQ-1580,3015.2,3026.66,C2_AI,9.86
REQ-1581,3018.27,3024.2,C3_Database,8.41
REQ-1582,3037.84,3052.1,C1_Media,7.13
REQ-1583,3041.23,3044.66,C2_AI,7.34
REQ-1584,3043.23,3045.75,C3_Database,6.86
REQ-1585,3048.25,3057.3,C1_Media,7.03
REQ-1586,3049.62,3052.68,C3_Database,8.84
REQ-1587,3050.01,3056.21,C2_AI,7.28
REQ-1588,3050.7,3059.65,C1_Media,11.07
REQ-1589,3051.39,3070.85,C1_Media,14.1
REQ-1590,3052.21,3056.8,C2_AI,7.58
REQ-1591,3052.96,3057.78,C1_Media,9.7
REQ-1592,3058.08,3088.48,C2_AI,10.48
REQ-1593,3059.08,3075.69,C1_Media,10.4
REQ-1594,3061.2,3066.74,C2_AI,9.23
REQ-1595,3072.56,3082.9,C1_Media,11.28
REQ-1596,3075.77,3078.36,C3_Database,10.43
REQ-1597,3081.28,3083.04,C3_Database,6.23
REQ-1598,3082.22,3086.24,C3_Database,11.71
REQ-1599,3083.29,3095.2,C2_AI,11.78
REQ-1600,3083.5,3106.83,C1_Media,7.18
